Requests Per Second,Response Time
1,608.2714285714286
10,561.3363095238095
100,542.4342803621605
500,535.3936085458769
1000,631.634988982275
2000,1100.5467928402045
5000,2176.7354048552934
