Requests Per Second,Response Time
1,591.5123456790124
10,606.5769404332129
100,618.4718826405868
500,583.4723772884411
1000,601.5298502165117
2000,1585.0500666452624
5000,2836.0298655959873
